id,title,selftext,score,upvote_ratio,num_comments,created_utc,author,flair,permalink,removed_by_category,date,removal_reason,has_body,raw_text,relevance_score,matched_by_flair,clean_text_cased,clean_text_lower,word_count,mostly_urdu
1kc6oca,Dollar account vs Investing?,[removed],1,1.0,0,1746099867,Charsadaywaal,Madad Me,/r/FIREPakistan/comments/1kc6oca/dollar_account_vs_investing/,reddit,2025-05-01,,False,Dollar account vs Investing?,1,False,Dollar account vs Investing?,dollar account vs investing?,4,False
1l7poby,Need help sending remittance,[removed],2,1.0,4,1749529244,Mm_2036,Madad Me,/r/FIREPakistan/comments/1l7poby/need_help_sending_remittance/,automod_filtered,2025-06-10,,False,Need help sending remittance,1,False,Need help sending remittance,need help sending remittance,4,False
1lmr1ze,FBR Notive,[removed],1,1.0,0,1751128350,Hey-boy001,Madad Me,/r/FIREPakistan/comments/1lmr1ze/fbr_notive/,reddit,2025-06-28,,False,FBR Notive,1,False,FBR Notive,fbr notive,2,False
1lqsinf,Psx update,[removed],1,1.0,0,1751556594,GlitchyVoyager,Taaza Tareen,/r/FIREPakistan/comments/1lqsinf/psx_update/,reddit,2025-07-03,,False,Psx update,1,False,Psx update,psx update,2,False
1lwjycx,PSX Lecture please?,[removed],1,1.0,1,1752171415,shazinga9,Madad Me,/r/FIREPakistan/comments/1lwjycx/psx_lecture_please/,automod_filtered,2025-07-10,,False,PSX Lecture please?,1,False,PSX Lecture please?,psx lecture please?,3,False
1mpqyah,PSX plan - my🤔,[removed],1,1.0,0,1755146757,Willing-Strength6608,Portfolio Review,/r/FIREPakistan/comments/1mpqyah/psx_plan_my/,reddit,2025-08-14,,False,PSX plan - my🤔,1,False,PSX plan - my,psx plan - my,4,False
1myoigz,Information Groups for PSX,[removed],1,1.0,1,1756017805,ShelbyGroup_1,Madad Me,/r/FIREPakistan/comments/1myoigz/information_groups_for_psx/,automod_filtered,2025-08-24,,False,Information Groups for PSX,1,False,Information Groups for PSX,information groups for psx,4,False
1n2cmin,Pkr 1 million,[removed],1,1.0,0,1756388676,Old_Card_765,Madad Me,/r/FIREPakistan/comments/1n2cmin/pkr_1_million/,automod_filtered,2025-08-28,,False,Pkr 1 million,1,False,Pkr 1 million,pkr 1 million,3,False
1n3htsf,Reporting to FBR,[removed],1,1.0,1,1756498101,omote_,Madad Me,/r/FIREPakistan/comments/1n3htsf/reporting_to_fbr/,automod_filtered,2025-08-29,,False,Reporting to FBR,1,False,Reporting to FBR,reporting to fbr,3,False
1nfqkt4,PSX comapnies approach,[removed],1,1.0,1,1757745900,Sad_Shop_1774,Madad Me,/r/FIREPakistan/comments/1nfqkt4/psx_comapnies_approach/,automod_filtered,2025-09-13,,False,PSX comapnies approach,1,False,PSX comapnies approach,psx comapnies approach,3,False
1nhrslr,FBR income tax filing,[removed],1,1.0,1,1757956311,dgyyygfb,Madad Me,/r/FIREPakistan/comments/1nhrslr/fbr_income_tax_filing/,automod_filtered,2025-09-15,,False,FBR income tax filing,1,False,FBR income tax filing,fbr income tax filing,4,False
1noismk,Maybe useful for someone,[https://www.dawn.com/news/1944094/state-bank-of-pakistan-sbp-approves-lemfi-partnership-with-ubl-for-remittances](https://www.dawn.com/news/1944094/state-bank-of-pakistan-sbp-approves-lemfi-partnership-with-ubl-for-remittances),3,0.7200000286102295,0,1758637459,Head_Work8280,Taaza Tareen,/r/FIREPakistan/comments/1noismk/maybe_useful_for_someone/,,2025-09-23,,True,Maybe useful for someone [https://www.dawn.com/news/1944094/state-bank-of-pakistan-sbp-approves-lemfi-partnership-with-ubl-for-remittances](https://www.dawn.com/news/1944094/state-bank-of-pakistan-sbp-approves-lemfi-partnership-with-ubl-for-remittances),1,False,Maybe useful for someone,maybe useful for someone,4,True
1nu6l8s,"Help needed, PSX invested",[removed],1,1.0,1,1759216538,FunCommunication2075,Madad Me,/r/FIREPakistan/comments/1nu6l8s/help_needed_psx_invested/,automod_filtered,2025-09-30,,False,"Help needed, PSX invested",1,False,"Help needed, PSX invested","help needed, psx invested",4,False
1nvk6cj,PSX Investing,[removed],1,1.0,1,1759351915,Express-Peach-2239,Madad Me,/r/FIREPakistan/comments/1nvk6cj/psx_investing/,automod_filtered,2025-10-01,,False,PSX Investing,1,False,PSX Investing,psx investing,2,False
1nyi6q8,Export Business in Pakistan,[removed],1,1.0,1,1759650678,MoistKaleidoscope324,Madad Me,/r/FIREPakistan/comments/1nyi6q8/export_business_in_pakistan/,automod_filtered,2025-10-05,,False,Export Business in Pakistan,1,False,Export Business in Pakistan,export business in pakistan,4,False
1o7e4t4,Long term PSX strategy,[removed],1,1.0,1,1760542058,Calm_hawkai,Portfolio Review,/r/FIREPakistan/comments/1o7e4t4/long_term_psx_strategy/,automod_filtered,2025-10-15,,False,Long term PSX strategy,1,False,Long term PSX strategy,long term psx strategy,4,False
1oix923,PSX app,[removed],1,1.0,1,1761719357,kamalreads,Madad Me,/r/FIREPakistan/comments/1oix923/psx_app/,automod_filtered,2025-10-29,,False,PSX app,1,False,PSX app,psx app,2,False
1oqqsv1,OGDC Dividend,[removed],1,1.0,0,1762510939,AreeshAnsari,Madad Me,/r/FIREPakistan/comments/1oqqsv1/ogdc_dividend/,automod_filtered,2025-11-07,,False,OGDC Dividend,1,False,OGDC Dividend,ogdc dividend,2,False
1oqyj4x,PSX Discussion WhatsApp Group,[removed],1,1.0,1,1762531884,RevealNegative5241,Madad Me,/r/FIREPakistan/comments/1oqyj4x/psx_discussion_whatsapp_group/,automod_filtered,2025-11-07,,False,PSX Discussion WhatsApp Group,1,False,PSX Discussion WhatsApp Group,psx discussion whatsapp group,4,False
1pcvdo3,Day trading in PSX,[removed],1,1.0,1,1764738275,hassanrizvi0007,Madad Me,/r/FIREPakistan/comments/1pcvdo3/day_trading_in_psx/,automod_filtered,2025-12-03,,False,Day trading in PSX,1,False,Day trading in PSX,day trading in psx,4,False
1pjfp5b,Best brokerage for PSX,[removed],1,1.0,1,1765403471,Spare_Ladder5788,Madad Me,/r/FIREPakistan/comments/1pjfp5b/best_brokerage_for_psx/,automod_filtered,2025-12-10,,False,Best brokerage for PSX,1,False,Best brokerage for PSX,best brokerage for psx,4,False
1q5obzs,Roadmap for psx,[removed],1,1.0,1,1767719211,Qizah16,Madad Me,/r/FIREPakistan/comments/1q5obzs/roadmap_for_psx/,automod_filtered,2026-01-06,,False,Roadmap for psx,1,False,Roadmap for psx,roadmap for psx,3,False
1q6syml,New to Stock Market,[removed],1,1.0,1,1767822969,golgappaayy,Madad Me,/r/FIREPakistan/comments/1q6syml/new_to_stock_market/,automod_filtered,2026-01-07,,False,New to Stock Market,1,False,New to Stock Market,new to stock market,4,False
1qfmzmg,Import firearms license,[removed],1,1.0,1,1768679501,officialwali,Madad Me,/r/FIREPakistan/comments/1qfmzmg/import_firearms_license/,automod_filtered,2026-01-17,,False,Import firearms license,1,False,Import firearms license,import firearms license,3,False
1qhh5og,The Fbr Fear,[removed],1,1.0,1,1768857663,RevolutionPure3938,Madad Me,/r/FIREPakistan/comments/1qhh5og/the_fbr_fear/,automod_filtered,2026-01-19,,False,The Fbr Fear,1,False,The Fbr Fear,the fbr fear,3,False
1qis8mm,PSX insider news,[removed],1,1.0,1,1768983224,Short_Bone,Madad Me,/r/FIREPakistan/comments/1qis8mm/psx_insider_news/,automod_filtered,2026-01-21,,False,PSX insider news,1,False,PSX insider news,psx insider news,3,False
1qjywkf,FBR Notice,[removed],1,1.0,1,1769098836,dan1-101,Madad Me,/r/FIREPakistan/comments/1qjywkf/fbr_notice/,automod_filtered,2026-01-22,,False,FBR Notice,1,False,FBR Notice,fbr notice,2,False
1qpbkj4,PSX QUERY,[removed],1,1.0,1,1769607477,Silly-Carob-9885,Madad Me,/r/FIREPakistan/comments/1qpbkj4/psx_query/,automod_filtered,2026-01-28,,False,PSX QUERY,1,False,PSX QUERY,psx query,2,False
1qpgjcj,PSX Query,[removed],1,1.0,1,1769618642,WerewolfDramatic9278,Madad Me,/r/FIREPakistan/comments/1qpgjcj/psx_query/,automod_filtered,2026-01-28,,False,PSX Query,1,False,PSX Query,psx query,2,False
1qq92fl,PSX Query,[removed],2,1.0,1,1769694615,WerewolfDramatic9278,Madad Me,/r/FIREPakistan/comments/1qq92fl/psx_query/,automod_filtered,2026-01-29,,False,PSX Query,1,False,PSX Query,psx query,2,False
1qvigkf,Exiting psx..,[removed],1,1.0,0,1770191297,Sad-Criticism21,Taaza Tareen,/r/FIREPakistan/comments/1qvigkf/exiting_psx/,reddit,2026-02-04,,False,Exiting psx..,1,False,Exiting psx..,exiting psx..,2,False
1qxhgbk,Best bank for remittance,[removed],1,1.0,1,1770384082,Junior_Tap_4538,Madad Me,/r/FIREPakistan/comments/1qxhgbk/best_bank_for_remittance/,automod_filtered,2026-02-06,,False,Best bank for remittance,1,False,Best bank for remittance,best bank for remittance,4,False
1qz7y5w,I have 2lac PKR,[removed],1,1.0,0,1770554534,turazverse,Madad Me,/r/FIREPakistan/comments/1qz7y5w/i_have_2lac_pkr/,reddit,2026-02-08,,False,I have 2lac PKR,1,False,I have 2lac PKR,i have 2lac pkr,4,False
1r05r0x,Psx trade recap,[removed],0,0.5,1,1770647601,brutaleth666,Portfolio Review,/r/FIREPakistan/comments/1r05r0x/psx_trade_recap/,automod_filtered,2026-02-09,,False,Psx trade recap,1,False,Psx trade recap,psx trade recap,3,False
1ratdeb,Psx trading account opening,[removed],0,0.5,1,1771686409,Training-Jelly-8368,Madad Me,/r/FIREPakistan/comments/1ratdeb/psx_trading_account_opening/,automod_filtered,2026-02-21,,False,Psx trading account opening,1,False,Psx trading account opening,psx trading account opening,4,False
1rf4jb0,Deliberate Crashing of PSX,,85,0.9100000262260437,35,1772093558,ammarmallik,Taaza Tareen,/r/FIREPakistan/comments/1rf4jb0/deliberate_crashing_of_psx/,,2026-02-26,,False,Deliberate Crashing of PSX,1,False,Deliberate Crashing of PSX,deliberate crashing of psx,4,False
1rqs78w,PSX investment guide needed,[removed],1,1.0,0,1773231551,No_Signature_9971,Madad Me,/r/FIREPakistan/comments/1rqs78w/psx_investment_guide_needed/,automod_filtered,2026-03-11,,False,PSX investment guide needed,1,False,PSX investment guide needed,psx investment guide needed,4,False
1rwz9wh,Beginner Investing in PSX,[removed],1,1.0,0,1773826630,Environmental-Pop26,Portfolio Review,/r/FIREPakistan/comments/1rwz9wh/beginner_investing_in_psx/,automod_filtered,2026-03-18,,False,Beginner Investing in PSX,1,False,Beginner Investing in PSX,beginner investing in psx,4,False
1s262dh,OGDC dividend not received,[removed],1,1.0,1,1774333471,Educational-Nose-967,Madad Me,/r/FIREPakistan/comments/1s262dh/ogdc_dividend_not_received/,automod_filtered,2026-03-24,,False,OGDC dividend not received,1,False,OGDC dividend not received,ogdc dividend not received,4,False
1s3ieik,OGDC Dividend,[removed],1,1.0,0,1774462065,OkStatistician9473,Madad Me,/r/FIREPakistan/comments/1s3ieik/ogdc_dividend/,automod_filtered,2026-03-25,,False,OGDC Dividend,1,False,OGDC Dividend,ogdc dividend,2,False
