id,title,selftext,score,upvote_ratio,num_comments,created_utc,author,flair,permalink,removed_by_category,date,removal_reason
1jpzt6h,Help,[removed],1,1.0,0,1743627871,KFCColonel678,Madad Me,/r/FIREPakistan/comments/1jpzt6h/help/,reddit,2025-04-02,no_content
1jqrihh,Megathread: Ask Questions Here! Discussions & Useful Links for Newcomers,"Need to vent? Have a simple question? Want to go off-topic? This is where you can do so.

**Useful Threads from our Community Members**

* [Community Wiki](https://www.reddit.com/r/FIREPakistan/wiki/index/)
* [Calculating your FIRE Number](https://www.reddit.com/r/FIREPakistan/comments/1h7yi1z/calculating_your_fire_number_as_a_pakistani/)
* [How to start in Stock Market](https://www.reddit.com/r/FIREPakistan/comments/1eertib/how_to_start_in_stock_market_guide/)
* [Stupid guide to Investing in the Pakistan Stock Exchange](https://www.reddit.com/r/FIREPakistan/comments/1d7ihl6/a_stupid_guide_to_investing_in_the_pakistan_stock/)
* [How to start Savings](https://www.reddit.com/r/FIREPakistan/comments/1e9279r/how_to_start_savings/)
* [Think in %, not in Rupees](https://www.reddit.com/r/FIREPakistan/comments/1ji57v9/think_in_not_in_rupee/)

Do you think another post belongs in this list? Let us know and we'll add it.",1,1.0,0,1743708033,AutoModerator,Taaza Tareen,/r/FIREPakistan/comments/1jqrihh/megathread_ask_questions_here_discussions_useful/,,2025-04-03,bot_or_deleted_author
1k4gvqd,Need help with starting a catering business,[deleted],1,1.0,0,1745251089,[deleted],Madad Me,/r/FIREPakistan/comments/1k4gvqd/need_help_with_starting_a_catering_business/,deleted,2025-04-21,bot_or_deleted_author
1k8beo8,Keep,[removed],1,1.0,0,1745669144,Master-Rush83,Sasta Satta,/r/FIREPakistan/comments/1k8beo8/keep/,reddit,2025-04-26,no_content
1k9uhze,hi,[removed],1,1.0,0,1745843854,Weary-Definition-100,Madad Me,/r/FIREPakistan/comments/1k9uhze/hi/,reddit,2025-04-28,no_content
1kbzult,Megathread: Ask Questions Here! Discussions & Useful Links for Newcomers,"Need to vent? Have a simple question? Want to go off-topic? This is where you can do so.

**Useful Threads from our Community Members**

* [Community Wiki](https://www.reddit.com/r/FIREPakistan/wiki/index/)
* [Calculating your FIRE Number](https://www.reddit.com/r/FIREPakistan/comments/1h7yi1z/calculating_your_fire_number_as_a_pakistani/)
* [How to start in Stock Market](https://www.reddit.com/r/FIREPakistan/comments/1eertib/how_to_start_in_stock_market_guide/)
* [Stupid guide to Investing in the Pakistan Stock Exchange](https://www.reddit.com/r/FIREPakistan/comments/1d7ihl6/a_stupid_guide_to_investing_in_the_pakistan_stock/)
* [How to start Savings](https://www.reddit.com/r/FIREPakistan/comments/1e9279r/how_to_start_savings/)
* [Think in %, not in Rupees](https://www.reddit.com/r/FIREPakistan/comments/1ji57v9/think_in_not_in_rupee/)

Do you think another post belongs in this list? Let us know and we'll add it.",1,0.6000000238418579,5,1746072204,AutoModerator,Taaza Tareen,/r/FIREPakistan/comments/1kbzult/megathread_ask_questions_here_discussions_useful/,,2025-05-01,bot_or_deleted_author
1kdfbl5,Looking for a free or affordable alternative to Sarmaya's capital market course,[removed],1,1.0,0,1746229403,[deleted],Madad Me,/r/FIREPakistan/comments/1kdfbl5/looking_for_a_free_or_affordable_alternative_to/,deleted,2025-05-02,bot_or_deleted_author
1keq3pb,Mutual funds,[deleted],1,1.0,1,1746381691,[deleted],Madad Me,/r/FIREPakistan/comments/1keq3pb/mutual_funds/,deleted,2025-05-04,bot_or_deleted_author
1kf4htj,Psx,[removed],1,1.0,1,1746424806,QuietLingonberry8514,Madad Me,/r/FIREPakistan/comments/1kf4htj/psx/,automod_filtered,2025-05-05,no_content
1kw2qn5,[24M] Moving to Europe – How Should I Invest 10M PKR + 20K USD?,[removed],1,1.0,0,1748286578,[deleted],Madad Me,/r/FIREPakistan/comments/1kw2qn5/24m_moving_to_europe_how_should_i_invest_10m_pkr/,deleted,2025-05-26,bot_or_deleted_author
1kzqz1x,What are fnr pos charges,[removed],1,1.0,0,1748675120,[deleted],Madad Me,/r/FIREPakistan/comments/1kzqz1x/what_are_fnr_pos_charges/,automod_filtered,2025-05-31,bot_or_deleted_author
1l0fuff,Megathread: Ask Questions Here! Discussions & Useful Links for Newcomers,"Need to vent? Have a simple question? Want to go off-topic? This is where you can do so.

**Useful Threads from our Community Members**

* [Community Wiki](https://www.reddit.com/r/FIREPakistan/wiki/index/)
* [Calculating your FIRE Number](https://www.reddit.com/r/FIREPakistan/comments/1h7yi1z/calculating_your_fire_number_as_a_pakistani/)
* [How to start in Stock Market](https://www.reddit.com/r/FIREPakistan/comments/1eertib/how_to_start_in_stock_market_guide/)
* [Stupid guide to Investing in the Pakistan Stock Exchange](https://www.reddit.com/r/FIREPakistan/comments/1d7ihl6/a_stupid_guide_to_investing_in_the_pakistan_stock/)
* [How to start Savings](https://www.reddit.com/r/FIREPakistan/comments/1e9279r/how_to_start_savings/)
* [Think in %, not in Rupees](https://www.reddit.com/r/FIREPakistan/comments/1ji57v9/think_in_not_in_rupee/)

Do you think another post belongs in this list? Let us know and we'll add it.",6,0.8799999952316284,2,1748750617,AutoModerator,Taaza Tareen,/r/FIREPakistan/comments/1l0fuff/megathread_ask_questions_here_discussions_useful/,,2025-06-01,bot_or_deleted_author
1l5vkjx,??,[removed],1,1.0,1,1749331335,No_Honey_9040,Madad Me,/r/FIREPakistan/comments/1l5vkjx/_/,automod_filtered,2025-06-07,no_content
1l77mbn,"8 months in PSX, any advice for the portfolio?",[deleted],1,1.0,0,1749482580,[deleted],Portfolio Review,/r/FIREPakistan/comments/1l77mbn/8_months_in_psx_any_advice_for_the_portfolio/,deleted,2025-06-09,bot_or_deleted_author
1l9i5yx,Eidi,[removed],1,1.0,0,1749720825,Ecstatic_Remote_659,Madad Me,/r/FIREPakistan/comments/1l9i5yx/eidi/,automod_filtered,2025-06-12,no_content
1lkwwez,PSX,[removed],1,1.0,1,1750934516,DesignDecent2032,Portfolio Review,/r/FIREPakistan/comments/1lkwwez/psx/,automod_filtered,2025-06-26,no_content
1llvvaf,hi,[removed],1,1.0,1,1751035931,fahadkhanafifa,Madad Me,/r/FIREPakistan/comments/1llvvaf/hi/,automod_filtered,2025-06-27,no_content
1los5d6,Megathread: Ask Questions Here! Discussions & Useful Links for Newcomers,"Need to vent? Have a simple question? Want to go off-topic? This is where you can do so.

**Useful Threads from our Community Members**

* [Community Wiki](https://www.reddit.com/r/FIREPakistan/wiki/index/)
* [Calculating your FIRE Number](https://www.reddit.com/r/FIREPakistan/comments/1h7yi1z/calculating_your_fire_number_as_a_pakistani/)
* [How to start in Stock Market](https://www.reddit.com/r/FIREPakistan/comments/1eertib/how_to_start_in_stock_market_guide/)
* [Stupid guide to Investing in the Pakistan Stock Exchange](https://www.reddit.com/r/FIREPakistan/comments/1d7ihl6/a_stupid_guide_to_investing_in_the_pakistan_stock/)
* [How to start Savings](https://www.reddit.com/r/FIREPakistan/comments/1e9279r/how_to_start_savings/)
* [Think in %, not in Rupees](https://www.reddit.com/r/FIREPakistan/comments/1ji57v9/think_in_not_in_rupee/)

Do you think another post belongs in this list? Let us know and we'll add it.",3,1.0,0,1751342569,AutoModerator,Taaza Tareen,/r/FIREPakistan/comments/1los5d6/megathread_ask_questions_here_discussions_useful/,,2025-07-01,bot_or_deleted_author
1lujyf3,Help,[removed],1,1.0,0,1751966111,Sea_Comparison1608,Madad Me,/r/FIREPakistan/comments/1lujyf3/help/,reddit,2025-07-08,no_content
1m0zuuf,PSX,[removed],1,1.0,1,1752629474,JuttOfTheHouse,Madad Me,/r/FIREPakistan/comments/1m0zuuf/psx/,automod_filtered,2025-07-16,no_content
1memlad,Megathread: Ask Questions Here! Discussions & Useful Links for Newcomers,"Need to vent? Have a simple question? Want to go off-topic? This is where you can do so.

**Useful Threads from our Community Members**

* [Community Wiki](https://www.reddit.com/r/FIREPakistan/wiki/index/)
* [Calculating your FIRE Number](https://www.reddit.com/r/FIREPakistan/comments/1h7yi1z/calculating_your_fire_number_as_a_pakistani/)
* [FIRE Calculator by EarlyExitPlan](https://firecalculator.pk/)
* [How to start in Stock Market](https://www.reddit.com/r/FIREPakistan/comments/1eertib/how_to_start_in_stock_market_guide/)
* [Stupid guide to Investing in the Pakistan Stock Exchange](https://www.reddit.com/r/FIREPakistan/comments/1d7ihl6/a_stupid_guide_to_investing_in_the_pakistan_stock/)
* [How to start Savings](https://www.reddit.com/r/FIREPakistan/comments/1e9279r/how_to_start_savings/)
* [Think in %, not in Rupees](https://www.reddit.com/r/FIREPakistan/comments/1ji57v9/think_in_not_in_rupee/)

Do you think another post belongs in this list? Let us know and we'll add it.",6,0.8700000047683716,0,1754020990,AutoModerator,Taaza Tareen,/r/FIREPakistan/comments/1memlad/megathread_ask_questions_here_discussions_useful/,,2025-08-01,bot_or_deleted_author
1mir044,Myyyysyshsh,[deleted],1,1.0,1,1754442163,[deleted],Madad Me,/r/FIREPakistan/comments/1mir044/myyyysyshsh/,,2025-08-06,bot_or_deleted_author
1ml7877,Test,[removed],1,1.0,1,1754687537,Amazing-Baker-3867,Baaki Bakwaas,/r/FIREPakistan/comments/1ml7877/test/,automod_filtered,2025-08-08,no_content
1n5ers0,Megathread: Ask Questions Here! Discussions & Useful Links for Newcomers,"Need to vent? Have a simple question? Want to go off-topic? This is where you can do so.

**Useful Threads from our Community Members**

* [Community Wiki](https://www.reddit.com/r/FIREPakistan/wiki/index/)
* [Calculating your FIRE Number](https://www.reddit.com/r/FIREPakistan/comments/1h7yi1z/calculating_your_fire_number_as_a_pakistani/)
* [FIRE Calculator by EarlyExitPlan](https://firecalculator.pk/)
* [How to start in Stock Market](https://www.reddit.com/r/FIREPakistan/comments/1eertib/how_to_start_in_stock_market_guide/)
* [Stupid guide to Investing in the Pakistan Stock Exchange](https://www.reddit.com/r/FIREPakistan/comments/1d7ihl6/a_stupid_guide_to_investing_in_the_pakistan_stock/)
* [How to start Savings](https://www.reddit.com/r/FIREPakistan/comments/1e9279r/how_to_start_savings/)
* [Think in %, not in Rupees](https://www.reddit.com/r/FIREPakistan/comments/1ji57v9/think_in_not_in_rupee/)

Do you think another post belongs in this list? Let us know and we'll add it.",3,1.0,1,1756699411,AutoModerator,Taaza Tareen,/r/FIREPakistan/comments/1n5ers0/megathread_ask_questions_here_discussions_useful/,,2025-09-01,bot_or_deleted_author
1njpf4c,Started my investment journey 2 months ago,[deleted],1,1.0,0,1758143464,[deleted],Portfolio Review,/r/FIREPakistan/comments/1njpf4c/started_my_investment_journey_2_months_ago/,deleted,2025-09-17,bot_or_deleted_author
1nlagfd,Vbn,[removed],1,1.0,0,1758304240,yusra1222,Madad Me,/r/FIREPakistan/comments/1nlagfd/vbn/,automod_filtered,2025-09-19,no_content
1nmivvn,What avenues are there to earn,[removed],1,1.0,0,1758429768,[deleted],Madad Me,/r/FIREPakistan/comments/1nmivvn/what_avenues_are_there_to_earn/,deleted,2025-09-21,bot_or_deleted_author
1nmj7sw,FIRE Milestone: we just scaled past 8M/year,[removed],1,1.0,0,1758430907,[deleted],Baaki Bakwaas,/r/FIREPakistan/comments/1nmj7sw/fire_milestone_we_just_scaled_past_8myear/,deleted,2025-09-21,bot_or_deleted_author
1npml7w,[image processing failed],[deleted],1,1.0,0,1758744523,[deleted],Baaki Bakwaas,/r/FIREPakistan/comments/1npml7w/image_processing_failed/,reddit,2025-09-24,bot_or_deleted_author
1nt1jay,Help,[removed],0,0.5,3,1759098287,Past-Tailor2435,Madad Me,/r/FIREPakistan/comments/1nt1jay/help/,reddit,2025-09-28,no_content
1nuycbg,Megathread: Ask Questions Here! Discussions & Useful Links for Newcomers,"Need to vent? Have a simple question? Want to go off-topic? This is where you can do so.

**Useful Threads from our Community Members**

* [Community Wiki](https://www.reddit.com/r/FIREPakistan/wiki/index/)
* [Calculating your FIRE Number](https://www.reddit.com/r/FIREPakistan/comments/1h7yi1z/calculating_your_fire_number_as_a_pakistani/)
* [FIRE Calculator by EarlyExitPlan](https://firecalculator.pk/)
* [How to start in Stock Market](https://www.reddit.com/r/FIREPakistan/comments/1eertib/how_to_start_in_stock_market_guide/)
* [Stupid guide to Investing in the Pakistan Stock Exchange](https://www.reddit.com/r/FIREPakistan/comments/1d7ihl6/a_stupid_guide_to_investing_in_the_pakistan_stock/)
* [How to start Savings](https://www.reddit.com/r/FIREPakistan/comments/1e9279r/how_to_start_savings/)
* [Think in %, not in Rupees](https://www.reddit.com/r/FIREPakistan/comments/1ji57v9/think_in_not_in_rupee/)

Do you think another post belongs in this list? Let us know and we'll add it.",3,1.0,4,1759291347,AutoModerator,Taaza Tareen,/r/FIREPakistan/comments/1nuycbg/megathread_ask_questions_here_discussions_useful/,,2025-10-01,bot_or_deleted_author
1o3d3dx,24M,[removed],1,1.0,0,1760130516,Expert_Candidate9837,Madad Me,/r/FIREPakistan/comments/1o3d3dx/24m/,reddit,2025-10-10,no_content
1o7ftw7,Xm,[removed],0,0.5,1,1760545834,Free-Office4029,Taaza Tareen,/r/FIREPakistan/comments/1o7ftw7/xm/,automod_filtered,2025-10-15,no_content
1olem4o,Megathread: Ask Questions Here! Discussions & Useful Links for Newcomers,"Need to vent? Have a simple question? Want to go off-topic? This is where you can do so.

**Useful Threads from our Community Members**

* [Community Wiki](https://www.reddit.com/r/FIREPakistan/wiki/index/)
* [Calculating your FIRE Number](https://www.reddit.com/r/FIREPakistan/comments/1h7yi1z/calculating_your_fire_number_as_a_pakistani/)
* [FIRE Calculator by EarlyExitPlan](https://firecalculator.pk/)
* [How to start in Stock Market](https://www.reddit.com/r/FIREPakistan/comments/1eertib/how_to_start_in_stock_market_guide/)
* [Stupid guide to Investing in the Pakistan Stock Exchange](https://www.reddit.com/r/FIREPakistan/comments/1d7ihl6/a_stupid_guide_to_investing_in_the_pakistan_stock/)
* [How to start Savings](https://www.reddit.com/r/FIREPakistan/comments/1e9279r/how_to_start_savings/)
* [Think in %, not in Rupees](https://www.reddit.com/r/FIREPakistan/comments/1ji57v9/think_in_not_in_rupee/)

Do you think another post belongs in this list? Let us know and we'll add it.",8,0.9100000262260437,3,1761969773,AutoModerator,Taaza Tareen,/r/FIREPakistan/comments/1olem4o/megathread_ask_questions_here_discussions_useful/,,2025-11-01,bot_or_deleted_author
1oma5rv,Comprehensive Mutual Funds Screener & Research Platform - FinHisaab,[removed],1,1.0,1,1762064424,[deleted],Taaza Tareen,/r/FIREPakistan/comments/1oma5rv/comprehensive_mutual_funds_screener_research/,deleted,2025-11-02,bot_or_deleted_author
1p0k0eh,Finally Fixed Pakistan's Broken Dividend Data Problem,[deleted],1,1.0,0,1763491106,[deleted],Taaza Tareen,/r/FIREPakistan/comments/1p0k0eh/finally_fixed_pakistans_broken_dividend_data/,deleted,2025-11-18,bot_or_deleted_author
1p10u3j,how much and where do i have to invest to get 2-3 lakh per month for the rest of my life?,[removed],1,1.0,0,1763536005,[deleted],Madad Me,/r/FIREPakistan/comments/1p10u3j/how_much_and_where_do_i_have_to_invest_to_get_23/,deleted,2025-11-19,bot_or_deleted_author
1p14fe1,FFC,[removed],1,1.0,0,1763549348,Key-Bit9040,Madad Me,/r/FIREPakistan/comments/1p14fe1/ffc/,reddit,2025-11-19,no_content
1p8brq8,Rate,,1,1.0,1,1764274076,One-Flight6285,Portfolio Review,/r/FIREPakistan/comments/1p8brq8/rate/,automod_filtered,2025-11-27,no_content
1pb2s5s,Megathread: Ask Questions Here! Discussions & Useful Links for Newcomers,"Need to vent? Have a simple question? Want to go off-topic? This is where you can do so.

**Useful Threads from our Community Members**

* [Community Wiki](https://www.reddit.com/r/FIREPakistan/wiki/index/)
* [Calculating your FIRE Number](https://www.reddit.com/r/FIREPakistan/comments/1h7yi1z/calculating_your_fire_number_as_a_pakistani/)
* [FIRE Calculator by EarlyExitPlan](https://firecalculator.pk/)
* [How to start in Stock Market](https://www.reddit.com/r/FIREPakistan/comments/1eertib/how_to_start_in_stock_market_guide/)
* [Stupid guide to Investing in the Pakistan Stock Exchange](https://www.reddit.com/r/FIREPakistan/comments/1d7ihl6/a_stupid_guide_to_investing_in_the_pakistan_stock/)
* [How to start Savings](https://www.reddit.com/r/FIREPakistan/comments/1e9279r/how_to_start_savings/)
* [Think in %, not in Rupees](https://www.reddit.com/r/FIREPakistan/comments/1ji57v9/think_in_not_in_rupee/)

Do you think another post belongs in this list? Let us know and we'll add it.",14,1.0,0,1764561652,AutoModerator,Taaza Tareen,/r/FIREPakistan/comments/1pb2s5s/megathread_ask_questions_here_discussions_useful/,,2025-12-01,bot_or_deleted_author
1ph9dx1,Help With Petrol Pump,[deleted],2,0.75,6,1765190840,[deleted],Madad Me,/r/FIREPakistan/comments/1ph9dx1/help_with_petrol_pump/,deleted,2025-12-08,bot_or_deleted_author
1pmci43,Roast my portfolio,[deleted],1,0.9900000095367432,0,1765713792,[deleted],Portfolio Review,/r/FIREPakistan/comments/1pmci43/roast_my_portfolio/,deleted,2025-12-14,bot_or_deleted_author
1psv7tz,Fatima fertiliser,[removed],1,1.0,0,1766394978,[deleted],Madad Me,/r/FIREPakistan/comments/1psv7tz/fatima_fertiliser/,deleted,2025-12-22,bot_or_deleted_author
1pt15pm,Investment Required To Grow A Home Contractors Marketing Agency In USA,[removed],1,1.0,0,1766414354,[deleted],Taaza Tareen,/r/FIREPakistan/comments/1pt15pm/investment_required_to_grow_a_home_contractors/,deleted,2025-12-22,bot_or_deleted_author
1px5uw1,Impact of UAE buying Fauji Foundation shares,[deleted],1,1.0,1,1766862607,[deleted],Madad Me,/r/FIREPakistan/comments/1px5uw1/impact_of_uae_buying_fauji_foundation_shares/,deleted,2025-12-27,bot_or_deleted_author
1pzota9,ETFS,[removed],1,1.0,0,1767117331,One-Flight6285,Madad Me,/r/FIREPakistan/comments/1pzota9/etfs/,automod_filtered,2025-12-30,no_content
1q0v6mj,Megathread: Ask Questions Here! Discussions & Useful Links for Newcomers,"Need to vent? Have a simple question? Want to go off-topic? This is where you can do so.

**Useful Threads from our Community Members**

* [Community Wiki](https://www.reddit.com/r/FIREPakistan/wiki/index/)
* [Calculating your FIRE Number](https://www.reddit.com/r/FIREPakistan/comments/1h7yi1z/calculating_your_fire_number_as_a_pakistani/)
* [FIRE Calculator by EarlyExitPlan](https://firecalculator.pk/)
* [How to start in Stock Market](https://www.reddit.com/r/FIREPakistan/comments/1eertib/how_to_start_in_stock_market_guide/)
* [Stupid guide to Investing in the Pakistan Stock Exchange](https://www.reddit.com/r/FIREPakistan/comments/1d7ihl6/a_stupid_guide_to_investing_in_the_pakistan_stock/)
* [How to start Savings](https://www.reddit.com/r/FIREPakistan/comments/1e9279r/how_to_start_savings/)
* [Think in %, not in Rupees](https://www.reddit.com/r/FIREPakistan/comments/1ji57v9/think_in_not_in_rupee/)

Do you think another post belongs in this list? Let us know and we'll add it.",2,1.0,0,1767240032,AutoModerator,Taaza Tareen,/r/FIREPakistan/comments/1q0v6mj/megathread_ask_questions_here_discussions_useful/,,2026-01-01,bot_or_deleted_author
1qcmkbp,MIIETF crosses 100 Crores in AUM,[deleted],1,1.0,0,1768395386,[deleted],Taaza Tareen,/r/FIREPakistan/comments/1qcmkbp/miietf_crosses_100_crores_in_aum/,deleted,2026-01-14,bot_or_deleted_author
1qdnegq,UK Resident with PKR 10 Million Savings-Should I Invest in Pakistan or the UK? (Halal Only),[deleted],1,1.0,1,1768492863,[deleted],Madad Me,/r/FIREPakistan/comments/1qdnegq/uk_resident_with_pkr_10_million_savingsshould_i/,deleted,2026-01-15,bot_or_deleted_author
1qe9nna,Help with cz-50 (zakat exemption),[removed],1,1.0,0,1768548744,[deleted],Madad Me,/r/FIREPakistan/comments/1qe9nna/help_with_cz50_zakat_exemption/,deleted,2026-01-16,bot_or_deleted_author
1qfks1u,jnj,[removed],1,1.0,0,1768674391,[deleted],Madad Me,/r/FIREPakistan/comments/1qfks1u/jnj/,deleted,2026-01-17,bot_or_deleted_author
1qhwvo2,help,[removed],1,1.0,0,1768902374,kamy95,Madad Me,/r/FIREPakistan/comments/1qhwvo2/help/,reddit,2026-01-20,no_content
1qsny9q,Megathread: Ask Questions Here! Discussions & Useful Links for Newcomers,"Need to vent? Have a simple question? Want to go off-topic? This is where you can do so.

**Useful Threads from our Community Members**

* [Community Wiki](https://www.reddit.com/r/FIREPakistan/wiki/index/)
* [Calculating your FIRE Number](https://www.reddit.com/r/FIREPakistan/comments/1h7yi1z/calculating_your_fire_number_as_a_pakistani/)
* [FIRE Calculator by EarlyExitPlan](https://firecalculator.pk/)
* [How to start in Stock Market](https://www.reddit.com/r/FIREPakistan/comments/1eertib/how_to_start_in_stock_market_guide/)
* [Stupid guide to Investing in the Pakistan Stock Exchange](https://www.reddit.com/r/FIREPakistan/comments/1d7ihl6/a_stupid_guide_to_investing_in_the_pakistan_stock/)
* [How to start Savings](https://www.reddit.com/r/FIREPakistan/comments/1e9279r/how_to_start_savings/)
* [Think in %, not in Rupees](https://www.reddit.com/r/FIREPakistan/comments/1ji57v9/think_in_not_in_rupee/)

Do you think another post belongs in this list? Let us know and we'll add it.",0,0.5,2,1769918446,AutoModerator,Taaza Tareen,/r/FIREPakistan/comments/1qsny9q/megathread_ask_questions_here_discussions_useful/,,2026-02-01,bot_or_deleted_author
1qu0p91,FFC,[removed],1,1.0,0,1770051683,Silly-Carob-9885,Madad Me,/r/FIREPakistan/comments/1qu0p91/ffc/,automod_filtered,2026-02-02,no_content
1qz0i5t,Mari or ogdc,[removed],1,1.0,0,1770528496,[deleted],Madad Me,/r/FIREPakistan/comments/1qz0i5t/mari_or_ogdc/,deleted,2026-02-08,bot_or_deleted_author
1r7zrtw,Portfolio Review,[deleted],1,1.0,0,1771411602,[deleted],Portfolio Review,/r/FIREPakistan/comments/1r7zrtw/portfolio_review/,reddit,2026-02-18,bot_or_deleted_author
1r84uk7,PORTFOLIO REVIEW,[deleted],1,1.0,0,1771425882,[deleted],Portfolio Review,/r/FIREPakistan/comments/1r84uk7/portfolio_review/,reddit,2026-02-18,bot_or_deleted_author
1r93sl2,Funded account?,[removed],1,1.0,0,1771518558,[deleted],Madad Me,/r/FIREPakistan/comments/1r93sl2/funded_account/,deleted,2026-02-19,bot_or_deleted_author
1r96l0a,Crypto usdt selling,[removed],1,1.0,0,1771524554,[deleted],Sasta Satta,/r/FIREPakistan/comments/1r96l0a/crypto_usdt_selling/,deleted,2026-02-19,bot_or_deleted_author
1rdcc36,Need Suggestions,[deleted],1,1.0,0,1771927705,[deleted],Madad Me,/r/FIREPakistan/comments/1rdcc36/need_suggestions/,reddit,2026-02-24,bot_or_deleted_author
1rdcder,Need Suggestions,[deleted],1,1.0,0,1771927850,[deleted],Madad Me,/r/FIREPakistan/comments/1rdcder/need_suggestions/,reddit,2026-02-24,bot_or_deleted_author
1rdew55,Need Suggestions,[deleted],1,1.0,0,1771936006,[deleted],Madad Me,/r/FIREPakistan/comments/1rdew55/need_suggestions/,reddit,2026-02-24,bot_or_deleted_author
1rdw0rg,Why it does not show my securities and balance after market timings.,[deleted],1,1.0,0,1771974515,[deleted],Madad Me,/r/FIREPakistan/comments/1rdw0rg/why_it_does_not_show_my_securities_and_balance/,reddit,2026-02-24,bot_or_deleted_author
1rhn9jy,Megathread: Ask Questions Here! Discussions & Useful Links for Newcomers,"Need to vent? Have a simple question? Want to go off-topic? This is where you can do so.

**Useful Threads from our Community Members**

* [Community Wiki](https://www.reddit.com/r/FIREPakistan/wiki/index/)
* [Calculating your FIRE Number](https://www.reddit.com/r/FIREPakistan/comments/1h7yi1z/calculating_your_fire_number_as_a_pakistani/)
* [FIRE Calculator by EarlyExitPlan](https://firecalculator.pk/)
* [How to start in Stock Market](https://www.reddit.com/r/FIREPakistan/comments/1eertib/how_to_start_in_stock_market_guide/)
* [Stupid guide to Investing in the Pakistan Stock Exchange](https://www.reddit.com/r/FIREPakistan/comments/1d7ihl6/a_stupid_guide_to_investing_in_the_pakistan_stock/)
* [How to start Savings](https://www.reddit.com/r/FIREPakistan/comments/1e9279r/how_to_start_savings/)
* [Think in %, not in Rupees](https://www.reddit.com/r/FIREPakistan/comments/1ji57v9/think_in_not_in_rupee/)

Do you think another post belongs in this list? Let us know and we'll add it.",2,1.0,0,1772337650,AutoModerator,Taaza Tareen,/r/FIREPakistan/comments/1rhn9jy/megathread_ask_questions_here_discussions_useful/,,2026-03-01,bot_or_deleted_author
1ri3kao,Help figure out how to open RDA for stocks and investments,[removed],1,1.0,0,1772386879,[deleted],Madad Me,/r/FIREPakistan/comments/1ri3kao/help_figure_out_how_to_open_rda_for_stocks_and/,deleted,2026-03-01,bot_or_deleted_author
1rijf9l,PsX halted. I was able to pick HUBCO at 198 💰,[deleted],1,1.0,0,1772426434,[deleted],Sasta Satta,/r/FIREPakistan/comments/1rijf9l/psx_halted_i_was_able_to_pick_hubco_at_198/,reddit,2026-03-02,bot_or_deleted_author
1rir1l1,Roshaan Digital Account for stocks and investments,[removed],1,1.0,0,1772453074,[deleted],Madad Me,/r/FIREPakistan/comments/1rir1l1/roshaan_digital_account_for_stocks_and_investments/,deleted,2026-03-02,bot_or_deleted_author
1rjjp43,frc by marrige,[removed],1,1.0,0,1772525451,[deleted],Madad Me,/r/FIREPakistan/comments/1rjjp43/frc_by_marrige/,deleted,2026-03-03,bot_or_deleted_author
1rlmd6m,Just for motivation. Allah sb k naseeb achay kate. ameen.,[deleted],1,1.0,0,1772728779,[deleted],Sasta Satta,/r/FIREPakistan/comments/1rlmd6m/just_for_motivation_allah_sb_k_naseeb_achay_kate/,reddit,2026-03-05,bot_or_deleted_author
1rlmepr,just for motivation. Allah sb k naseeb achay kare.,[deleted],1,1.0,0,1772728879,[deleted],Sasta Satta,/r/FIREPakistan/comments/1rlmepr/just_for_motivation_allah_sb_k_naseeb_achay_kare/,reddit,2026-03-05,bot_or_deleted_author
1rmjl23,You can now invest in US stocks by connecting Elevate Pay to IBKR!,[deleted],1,1.0,1,1772816561,[deleted],Taaza Tareen,/r/FIREPakistan/comments/1rmjl23/you_can_now_invest_in_us_stocks_by_connecting/,deleted,2026-03-06,bot_or_deleted_author
1rv94i7,Bought stocks at the beginning of the us-iran war,[deleted],1,1.0,0,1773666937,[deleted],Madad Me,/r/FIREPakistan/comments/1rv94i7/bought_stocks_at_the_beginning_of_the_usiran_war/,reddit,2026-03-16,bot_or_deleted_author
1rxsji8,Put 100 shares for sale… got a price from a different dimension :),[deleted],1,1.0,0,1773900369,[deleted],Baaki Bakwaas,/r/FIREPakistan/comments/1rxsji8/put_100_shares_for_sale_got_a_price_from_a/,deleted,2026-03-19,bot_or_deleted_author
1s43w57,Kindly review my portfolio and give valuable suggestions.,[deleted],1,1.0,0,1774521491,[deleted],Portfolio Review,/r/FIREPakistan/comments/1s43w57/kindly_review_my_portfolio_and_give_valuable/,reddit,2026-03-26,bot_or_deleted_author
1s43y2e,Kindly review my portfolio and give valuable suggestions. Thanks 🙏.,[deleted],1,1.0,0,1774521664,[deleted],Portfolio Review,/r/FIREPakistan/comments/1s43y2e/kindly_review_my_portfolio_and_give_valuable/,reddit,2026-03-26,bot_or_deleted_author
1s46kec,"If you had to keep only one of MARI or OGDC for the next 20 years, which one would you keep.",[deleted],1,1.0,0,1774529447,[deleted],Baaki Bakwaas,/r/FIREPakistan/comments/1s46kec/if_you_had_to_keep_only_one_of_mari_or_ogdc_for/,deleted,2026-03-26,bot_or_deleted_author
1s48zkg,eH,[removed],1,0.9900000095367432,0,1774535255,Lumpy_Expression7253,Madad Me,/r/FIREPakistan/comments/1s48zkg/eh/,reddit,2026-03-26,no_content
1s4heki,Are upper-cap/lower-lock limits always +-10% or flexible?,[removed],1,1.0,0,1774553545,[deleted],Madad Me,/r/FIREPakistan/comments/1s4heki/are_uppercaplowerlock_limits_always_10_or_flexible/,deleted,2026-03-26,bot_or_deleted_author
