title,score,record_id,url,comms_num,created,body,timestamp,match_source,date,raw_text,text_length_raw,clean_text_cased,clean_text_lower,text_length_clean,word_count,is_wsb_noise,is_empty_after_clean
GME Premarket 🍁 Musk approved 🎮🛑💎✋,562,l6ua2q,https://i.redd.it/48rmgz5c42e61.png,97,1611861448.0,,2021-01-28 21:17:28,title_only,2021-01-28,GME Premarket 🍁 Musk approved 🎮🛑💎✋,34,GME Premarket Musk approved,gme premarket musk approved,27,4,False,False
Elon did mention DOGE.,1,l6zhqc,https://www.reddit.com/r/wallstreetbets/comments/l6zhqc/elon_did_mention_doge/,0,1611876094.0,,2021-01-29 01:21:34,title_only,2021-01-28,Elon did mention DOGE.,22,Elon did mention DOGE.,elon did mention doge.,22,4,False,False
ELON MUSK: ABSOLUTELY,268,l759p0,https://i.redd.it/ox1k6p6ne4e61.jpg,9,1611889077.0,,2021-01-29 04:57:57,title_only,2021-01-29,ELON MUSK: ABSOLUTELY,21,ELON MUSK ABSOLUTELY,elon musk absolutely,20,3,False,False
ELON IS WITH US,129,l7594j,https://i.redd.it/ical60ije4e61.jpg,5,1611889043.0,,2021-01-29 04:57:23,title_only,2021-01-29,ELON IS WITH US,15,ELON IS WITH US,elon is with us,15,4,False,False
Papa Elon has spoken,863,l7nhvz,https://i.redd.it/gh84et6nf8e61.png,106,1611937884.0,,2021-01-29 18:31:24,title_only,2021-01-29,Papa Elon has spoken,20,Papa Elon has spoken,papa elon has spoken,20,4,False,False
Tesla record minimum #GME,10,l7uw4c,https://i.redd.it/bvu8w9h6fae61.jpg,5,1611961900.0,,2021-01-30 01:11:40,title_only,2021-01-29,Tesla record minimum #GME,25,Tesla record minimum GME,tesla record minimum gme,24,4,False,False
Elon Orbital Strike inbound.,156,laiu1g,https://v.redd.it/mp4nd0sflye61,15,1612254663.0,,2021-02-02 10:31:03,title_only,2021-02-02,Elon Orbital Strike inbound.,28,Elon Orbital Strike inbound.,elon orbital strike inbound.,28,4,False,False
——— Tesla Gains ——-,342,lb0xqb,https://i.redd.it/bdijf8v9l3f61.jpg,54,1612315048.0,,2021-02-03 03:17:28,title_only,2021-02-03,——— Tesla Gains ——-,19,Tesla Gains -,tesla gains -,13,3,False,False
TSLA Gains 💎🙌,159,lbfuxx,https://i.redd.it/va7f4p7f07f61.jpg,31,1612356464.0,,2021-02-03 14:47:44,title_only,2021-02-03,TSLA Gains 💎🙌,13,TSLA Gains,tsla gains,10,2,False,False
$TSLA $1k LFG,512,ldr2kn,https://i.redd.it/49g7553zpsf61.jpg,89,1612619302.0,,2021-02-06 15:48:22,title_only,2021-02-06,$TSLA $1k LFG,13,TSLA 1k LFG,tsla 1k lfg,11,3,False,False
ELON MUSK COMFIRMED,0,ldi5ar,https://i.redd.it/dhy9o5uvbqf61.jpg,32,1612590351.0,,2021-02-06 07:45:51,title_only,2021-02-06,ELON MUSK COMFIRMED,19,ELON MUSK COMFIRMED,elon musk comfirmed,19,3,False,False
20K Tesla YOLO,72,lm2ckk,https://i.redd.it/vbxipwl593i61.jpg,33,1613618517.0,,2021-02-18 05:21:57,title_only,2021-02-18,20K Tesla YOLO,14,20K Tesla YOLO,20k tesla yolo,14,3,True,False
Thank you papa musk.,80,lmy1zv,https://i.redd.it/zn2xr03q2bi61.jpg,20,1613713211.0,,2021-02-19 07:40:11,title_only,2021-02-19,Thank you papa musk.,20,Thank you papa musk.,thank you papa musk.,20,4,False,False
First post: TSLA 🚀🚀🚀,18,lrddg8,https://i.redd.it/cmmwaspqkfj61.jpg,16,1614203544.0,,2021-02-24 23:52:24,title_only,2021-02-24,First post: TSLA 🚀🚀🚀,20,First post TSLA,first post tsla,15,3,False,False
$TSLA Gang RISE UP,13881,lrc95i,https://v.redd.it/6rofa0jqafj61,468,1614200212.0,,2021-02-24 22:56:52,title_only,2021-02-24,$TSLA Gang RISE UP,18,TSLA Gang RISE UP,tsla gang rise up,17,4,False,False
Tesla Yolo on dip,39,lqmk2u,https://i.redd.it/14gwnkim89j61.jpg,18,1614126829.0,,2021-02-24 02:33:49,title_only,2021-02-24,Tesla Yolo on dip,17,Tesla Yolo on dip,tesla yolo on dip,17,4,True,False
Early morning TSLA Tendies:),74,lql86k,https://i.redd.it/m87b1ohry8j61.jpg,22,1614123512.0,,2021-02-24 01:38:32,title_only,2021-02-23,Early morning TSLA Tendies:),28,Early morning TSLA Tendies,early morning tsla tendies,26,4,True,False
Elon 🚀🚀🚀🚀🚀🚀,14096,lsu0zd,https://i.redd.it/wfixoogeisj61.jpg,532,1614360147.0,,2021-02-26 19:22:27,title_only,2021-02-26,Elon 🚀🚀🚀🚀🚀🚀,11,Elon,elon,4,1,False,False
Elon has spoke lol,32,lw84f9,https://i.redd.it/2bybcre5lnk61.jpg,12,1614736385.0,,2021-03-03 03:53:05,title_only,2021-03-03,Elon has spoke lol,18,Elon has spoke lol,elon has spoke lol,18,4,False,False
Let’s go $TSLA 🚀🚀🚀🚀👨‍🚀💎🙌🏽🪐,67,lwl7d9,https://i.redd.it/6u8rt3zyqqk61.jpg,18,1614774663.0,,2021-03-03 14:31:03,title_only,2021-03-03,Let’s go $TSLA 🚀🚀🚀🚀👨‍🚀💎🙌🏽🪐,26,Let s go TSLA,let s go tsla,13,4,False,False
TSLA YOLO (MAXED MARGIN),25,lx3ygl,https://i.redd.it/snym3mhclvk61.jpg,26,1614833306.0,,2021-03-04 06:48:26,title_only,2021-03-04,TSLA YOLO (MAXED MARGIN),24,TSLA YOLO MAXED MARGIN,tsla yolo maxed margin,22,4,True,False
Elon giveth,45,lxsv85,https://i.redd.it/7v0ugd87b2l61.jpg,23,1614914642.0,,2021-03-05 05:24:02,title_only,2021-03-05,Elon giveth,11,Elon giveth,elon giveth,11,2,False,False
https://insideevs.it/news/491819/batterie-auto-elettriche-separatori-vetro-tesla-varta/,2,m0afoc,https://insideevs.it/news/491819/batterie-auto-elettriche-separatori-vetro-tesla-varta/,1,1615217031.0,,2021-03-08 17:23:51,title_only,2021-03-08,https://insideevs.it/news/491819/batterie-auto-elettriche-separatori-vetro-tesla-varta/,87,,,0,0,False,True
TSLA And GME 💎 🙌,30,lxymdx,https://i.redd.it/p7axd97fk3l61.jpg,40,1614929851.0,,2021-03-05 09:37:31,title_only,2021-03-05,TSLA And GME 💎 🙌,16,TSLA And GME,tsla and gme,12,3,False,False
TSLA gains and GME 💎🤚,464,m02yxa,https://www.reddit.com/gallery/m02yxa,31,1615190142.0,,2021-03-08 09:55:42,title_only,2021-03-08,TSLA gains and GME 💎🤚,21,TSLA gains and GME,tsla gains and gme,18,4,False,False
"""it's getting mature"" Elon",565,lytp5w,https://www.reddit.com/gallery/lytp5w,71,1615032584.0,,2021-03-06 14:09:44,title_only,2021-03-06,"""it's getting mature"" Elon",26,"""it's getting mature"" Elon","""it's getting mature"" elon",26,4,False,False
"Thanks $TSLA.. $360 ➡️$2,510",74,m1dpdq,https://www.reddit.com/gallery/m1dpdq,7,1615345756.0,,2021-03-10 05:09:16,title_only,2021-03-10,"Thanks $TSLA.. $360 ➡️$2,510",28,"Thanks TSLA.. 360 2,510","thanks tsla.. 360 2,510",23,4,False,False
My $TSLA yolo,9,m1auow,https://i.redd.it/nyjbqvth91m61.jpg,6,1615338071.0,,2021-03-10 03:01:11,title_only,2021-03-10,My $TSLA yolo,13,My TSLA yolo,my tsla yolo,12,3,True,False
TSLA BUYTHEFUCKINGDIP CALL 🚀🚀🚀,67,m1osly,https://i.redd.it/fx08ntsij4m61.jpg,45,1615377503.0,,2021-03-10 13:58:23,title_only,2021-03-10,TSLA BUYTHEFUCKINGDIP CALL 🚀🚀🚀,30,TSLA BUYTHEFUCKINGDIP CALL,tsla buythefuckingdip call,26,3,False,False
LLOOOOOOOOOOOOOOONNGGG Tesla 👐💎🚀🚀🚀📡📡🛰️🛰️🦍🦍🔋🔋🌙🌙,73,m6bn6a,https://www.reddit.com/gallery/m6bn6a,13,1615937357.0,,2021-03-17 01:29:17,title_only,2021-03-16,LLOOOOOOOOOOOOOOONNGGG Tesla 👐💎🚀🚀🚀📡📡🛰️🛰️🦍🦍🔋🔋🌙🌙,46,LLOOOOOOOOOOOOOOONNGGG Tesla,llooooooooooooooonnggg tesla,28,2,False,False
Tesla YOLO,23,mdtry7,https://i.redd.it/gc93jikoqep61.jpg,13,1616808524.0,,2021-03-27 03:28:44,title_only,2021-03-27,Tesla YOLO,10,Tesla YOLO,tesla yolo,10,2,True,False
IN TESLA WE BELEIVE,777,miq2ad,https://www.reddit.com/gallery/miq2ad,176,1617416066.0,,2021-04-03 05:14:26,title_only,2021-04-03,IN TESLA WE BELEIVE,19,IN TESLA WE BELEIVE,in tesla we beleive,19,4,False,False
Them $TSLA deliveries..,119,mksgxm,https://i.redd.it/v09s73b2ner61.jpg,21,1617679008.0,,2021-04-06 06:16:48,title_only,2021-04-06,Them $TSLA deliveries..,23,Them TSLA deliveries..,them tsla deliveries..,22,3,False,False
YOLOing on TSLA,219,mkobv4,https://i.redd.it/tdxlb4icqdr61.jpg,78,1617668002.0,,2021-04-06 03:13:22,title_only,2021-04-06,YOLOing on TSLA,15,YOLOing on TSLA,yoloing on tsla,15,3,False,False
Tesla Monday gains,633,mrt2vl,https://i.redd.it/52c6j7uowft61.jpg,101,1618566043.0,,2021-04-16 12:40:43,title_only,2021-04-16,Tesla Monday gains,18,Tesla Monday gains,tesla monday gains,18,3,False,False
Monday TSLA gains!,290,mror9z,https://www.reddit.com/gallery/mror9z,22,1618551467.0,,2021-04-16 08:37:47,title_only,2021-04-16,Monday TSLA gains!,18,Monday TSLA gains!,monday tsla gains!,18,3,False,False
TSLA YOLO to mars,520,mw2pfk,https://i.redd.it/m2j96us7npu61.png,122,1619119886.0,,2021-04-22 22:31:26,title_only,2021-04-22,TSLA YOLO to mars,17,TSLA YOLO to mars,tsla yolo to mars,17,4,True,False
TSLA YOLO Update,37,mvny6u,https://i.redd.it/fiqg914k0lu61.png,21,1619063727.0,,2021-04-22 06:55:27,title_only,2021-04-22,TSLA YOLO Update,16,TSLA YOLO Update,tsla yolo update,16,3,True,False
TSLA YOLO,32,mvg1tv,https://i.redd.it/e0vi5d707ju61.png,49,1619041681.0,,2021-04-22 00:48:01,title_only,2021-04-21,TSLA YOLO,9,TSLA YOLO,tsla yolo,9,2,True,False
Tesla 🚀🚀🚀,7,n5p1bw,https://i.redd.it/xqxfylryxcx61.jpg,2,1620273570.0,,2021-05-06 06:59:30,title_only,2021-05-06,Tesla 🚀🚀🚀,9,Tesla,tesla,5,1,False,False
TSLA,345,nezfpp,https://v.redd.it/hbw3s6f1nsz61,156,1621335536.0,,2021-05-18 13:58:56,title_only,2021-05-18,TSLA,4,TSLA,tsla,4,1,False,False
10k Tesla Yolo,105,neoa2q,https://i.redd.it/59kti1kk7qz61.jpg,43,1621305860.0,,2021-05-18 05:44:20,title_only,2021-05-18,10k Tesla Yolo,14,10k Tesla Yolo,10k tesla yolo,14,3,True,False
Rip 🪦 tesla 💎,175,nem3bp,https://i.redd.it/7m2uhr4espz61.jpg,100,1621300756.0,,2021-05-18 04:19:16,title_only,2021-05-18,Rip 🪦 tesla 💎,13,Rip tesla,rip tesla,9,2,False,False
Tesla hype video,218,nc8om5,https://v.redd.it/h803r7i583z61,27,1621027905.0,,2021-05-15 00:31:45,title_only,2021-05-14,Tesla hype video,16,Tesla hype video,tesla hype video,16,3,False,False
THE BIG TESLA SHORT,34,napius,https://i.redd.it/zxpnoy1m5py61.png,116,1620857259.0,,2021-05-13 01:07:39,title_only,2021-05-12,THE BIG TESLA SHORT,19,THE BIG TESLA SHORT,the big tesla short,19,4,False,False
Goodbye tesla 😭,820,nggxk6,https://i.redd.it/radblyzi55071.jpg,504,1621486776.0,,2021-05-20 07:59:36,title_only,2021-05-20,Goodbye tesla 😭,15,Goodbye tesla,goodbye tesla,13,2,False,False
🚀 TSLA 🚀 - 170k,25,o72obp,https://i.redd.it/12c5sskma8771.jpg,14,1624575748.0,,2021-06-25 02:02:28,title_only,2021-06-24,🚀 TSLA 🚀 - 170k,15,TSLA - 170k,tsla - 170k,11,3,False,False
Tesla calls go brrrr……,315,o6s8gm,https://i.redd.it/4x2vknhhq4771.jpg,75,1624532654.0,,2021-06-24 14:04:14,title_only,2021-06-24,Tesla calls go brrrr……,22,Tesla calls go brrrr,tesla calls go brrrr,20,4,False,False
$TSLA Gang: fully erect,1985,o6q5uf,https://v.redd.it/6ztymaqr34771,275,1624525067.0,,2021-06-24 11:57:47,title_only,2021-06-24,$TSLA Gang: fully erect,23,TSLA Gang fully erect,tsla gang fully erect,21,4,False,False
$TSLA Gang tomorrow,150,o6pppr,https://v.redd.it/rrf37mhzy3771,21,1624523435.0,,2021-06-24 11:30:35,title_only,2021-06-24,$TSLA Gang tomorrow,19,TSLA Gang tomorrow,tsla gang tomorrow,18,3,False,False
TSLA Gain Porn!!,18,o63ium,https://i.redd.it/j4yzpngpex671.jpg,25,1624443944.0,,2021-06-23 13:25:44,title_only,2021-06-23,TSLA Gain Porn!!,16,TSLA Gain Porn!!,tsla gain porn!!,16,3,False,False
TSLA poop position closed. 😀,17,oayleb,https://i.redd.it/j1wyz8l9ze871.jpg,14,1625092524.0,,2021-07-01 01:35:24,title_only,2021-06-30,TSLA poop position closed. 😀,28,TSLA poop position closed.,tsla poop position closed.,26,4,False,False
TSLA Yoloing gone poop 💩,19,oaj1z7,https://i.redd.it/3wrhdxh86a871.jpg,39,1625034333.0,,2021-06-30 09:25:33,title_only,2021-06-30,TSLA Yoloing gone poop 💩,24,TSLA Yoloing gone poop,tsla yoloing gone poop,22,4,False,False
$TSLA Interest Short,4,o9rp16,https://twitter.com/ihors3/status/1409595273739964421?s=21,8,1624937903.0,,2021-06-29 06:38:23,title_only,2021-06-29,$TSLA Interest Short,20,TSLA Interest Short,tsla interest short,19,3,False,False
$TSLA Fud,4430,om8e9k,https://v.redd.it/281zre253tb71,281,1626570892.0,,2021-07-18 04:14:52,title_only,2021-07-18,$TSLA Fud,9,TSLA Fud,tsla fud,8,2,False,False
Tsla “yolo”,66,ohkdcd,https://i.redd.it/rd5fdspwhea71.jpg,170,1625958382.0,,2021-07-11 02:06:22,title_only,2021-07-10,Tsla “yolo”,11,Tsla yolo,tsla yolo,9,2,True,False
